"district","lon","lat","year","scenario","district_relative_slr_cm","sst_anom_c_scaled","rainfall_mm_yr_scaled","river_discharge_m3s_scaled","cyclone_freq_per_decade","slr_component","sst_cyclone_component","rainfall_component","discharge_component","compound_risk_index","compound_risk_class"
"Satkhira",89.07,22.71,2030,"SSP1-2.6",20.85,0.51,2367.726,5516.445,3.2,0.0480910425844347,0.0514251244156236,0.224544262915366,0.67834625217719,0.21009954493541,"LOW"
"Khulna",89.55,22.82,2030,"SSP1-2.6",19.2,0.63,2439.87,3346.65,2.8,0.0359765051395007,0.101643794299502,0.30578640829178,0.18721628623133,0.133319899820323,"LOW"
"Bagerhat",89.79,22.65,2030,"SSP1-2.6",19,0.51,2379.75,4236.075,3,0.0345080763582966,0.047579550595687,0.238084620478102,0.388536351012287,0.148643334960534,"LOW"
"Pirojpur",89.98,22.58,2030,"SSP1-2.6",18.4,0.61,2442.876,3292.38,2.5,0.0301027900146843,0.0850927461921279,0.309171497682464,0.174932350075204,0.125880434795833,"LOW"
"Barguna",90.11,22.16,2030,"SSP1-2.6",18.15,0.56,2439.87,4018.995,3.6,0.0282672540381791,0.0847534308550747,0.30578640829178,0.339400606387783,0.157294990722199,"LOW"
"Patuakhali",90.35,22.35,2030,"SSP1-2.6",17.8,0.61,2426.844,5577.75,3.4,0.025697503671072,0.105790981752375,0.291117687598816,0.692222550427629,0.228105245424193,"MODERATE"
"Bhola",90.78,22.19,2030,"SSP1-2.6",17.5,0.54,2599.188,3867.24,3.1,0.0234948604992658,0.0643191072236465,0.485196145998027,0.305051081210467,0.180311211086134,"LOW"
"Lakshmipur",90.85,22.94,2030,"SSP1-2.6",16.7,0.44,2392.776,4662.195,2.2,0.0176211453744493,0,0.252753341171065,0.484987997867797,0.154596725957552,"LOW"
"Noakhali",91.1,22.87,2030,"SSP1-2.6",16.35,0.64,2168.328,4594.86,2,0.0150513950073421,0.0871663399185644,0,0.469746817822233,0.117403189551096,"LOW"
"Feni",91.4,23.02,2030,"SSP1-2.6",15.65,0.58,2217.426,4391.85,1.8,0.00991189427312774,0.0556477152767305,0.0552897933811705,0.423795797386353,0.110911418918102,"LOW"
"Chittagong",91.8,22.36,2030,"SSP1-2.6",15,0.68,2421.834,3957.69,1.5,0.00513950073421439,0.092444578494948,0.285475871947676,0.325524308137344,0.142744752009679,"LOW"
"Cox's Bazar",91.98,21.44,2030,"SSP1-2.6",14.3,0.51,2686.362,2519.535,2.1,0,0.030274468405972,0.58336373832786,0,0.122727641346767,"LOW"
"Satkhira",89.07,22.71,2040,"SSP1-2.6",42.3,0.57,2377.178,5571.335,3.2,0.205580029368576,0.0812848740763083,0.235188263221668,0.690770524438288,0.283680744094683,"MODERATE"
"Khulna",89.55,22.82,2040,"SSP1-2.6",37.35,0.69,2449.61,3379.95,2.8,0.169236417033774,0.130598703061378,0.316754728539705,0.194753693159633,0.196115991765653,"LOW"
"Bagerhat",89.79,22.65,2040,"SSP1-2.6",36.75,0.57,2389.25,4278.225,3,0.164831130690162,0.0769868798069673,0.248782674108008,0.398076942664779,0.210701751592015,"LOW"
"Pirojpur",89.98,22.58,2040,"SSP1-2.6",34.95,0.67,2452.628,3325.14,2.5,0.151615271659325,0.113369024279897,0.320153331261289,0.182347528783048,0.183820085528577,"LOW"
"Barguna",90.11,22.16,2040,"SSP1-2.6",34.2,0.62,2449.61,4058.985,3.6,0.146108663729809,0.115518021414568,0.316754728539705,0.348452285158438,0.214588472514466,"LOW"
"Patuakhali",90.35,22.35,2040,"SSP1-2.6",33.15,0.67,2436.532,5633.25,3.4,0.138399412628488,0.136103151862464,0.302027450079504,0.704784895308134,0.283942864501415,"MODERATE"
"Bhola",90.78,22.19,2040,"SSP1-2.6",32.25,0.6,2609.564,3905.72,3.1,0.131791483113069,0.0939526466596291,0.496880672783701,0.31376097366095,0.233635451866084,"MODERATE"
"Lakshmipur",90.85,22.94,2040,"SSP1-2.6",29.85,0.5,2402.328,4708.585,2.2,0.11417033773862,0.0275976474136631,0.263509952568208,0.495488307399447,0.202987316571712,"LOW"
"Noakhali",91.1,22.87,2040,"SSP1-2.6",28.8,0.7,2176.984,4640.58,2,0.106461086637298,0.114311566882823,0.00974761602320683,0.480095473821092,0.163415366000344,"LOW"
"Feni",91.4,23.02,2040,"SSP1-2.6",26.7,0.64,2226.278,4435.55,1.8,0.0910425844346549,0.082340521791585,0.0652581271424258,0.433687229301273,0.152674209420919,"LOW"
"Chittagong",91.8,22.36,2040,"SSP1-2.6",24.75,0.74,2431.502,3997.07,1.5,0.0767254038179148,0.118458754335696,0.296363112210195,0.334437914288592,0.180542117694063,"LOW"
"Cox's Bazar",91.98,21.44,2040,"SSP1-2.6",22.65,0.57,2697.086,2544.605,2.1,0.0613069016152717,0.0576459055949329,0.595440151709662,0.00567455830908568,0.156274883768845,"LOW"
"Satkhira",89.07,22.71,2050,"SSP1-2.6",63.75,0.63,2386.63,5626.225,3.2,0.363069016152717,0.111144623736993,0.24583226352797,0.703194796699385,0.357261943253956,"HIGH"
"Khulna",89.55,22.82,2050,"SSP1-2.6",55.5,0.75,2459.35,3413.25,2.8,0.302496328928047,0.159553611823254,0.327723048787629,0.202291100087936,0.258912083710983,"MODERATE"
"Bagerhat",89.79,22.65,2050,"SSP1-2.6",54.5,0.63,2398.75,4320.375,3,0.295154185022026,0.106394209018248,0.259480727737913,0.407617534317271,0.272760168223497,"MODERATE"
"Pirojpur",89.98,22.58,2050,"SSP1-2.6",51.5,0.73,2462.38,3357.9,2.5,0.273127753303965,0.141645302367667,0.331135164840115,0.189762707490892,0.241759736261321,"MODERATE"
"Barguna",90.11,22.16,2050,"SSP1-2.6",50.25,0.68,2459.35,4098.975,3.6,0.263950073421439,0.146282611974061,0.327723048787629,0.357503963929094,0.271881954306732,"MODERATE"
"Patuakhali",90.35,22.35,2050,"SSP1-2.6",48.5,0.73,2446.22,5688.75,3.4,0.251101321585903,0.166415321972553,0.31293721256019,0.717347240188639,0.339780483578638,"HIGH"
"Bhola",90.78,22.19,2050,"SSP1-2.6",47,0.66,2619.94,3944.2,3.1,0.240088105726872,0.123586186095612,0.508565199569375,0.322470866111434,0.286959692646033,"MODERATE"
"Lakshmipur",90.85,22.94,2050,"SSP1-2.6",43,0.56,2411.88,4754.975,2.2,0.21071953010279,0.0551952948273262,0.274266563965352,0.505988616931098,0.251377907185871,"MODERATE"
"Noakhali",91.1,22.87,2050,"SSP1-2.6",41.25,0.76,2185.64,4686.3,2,0.197870778267254,0.141456793847082,0.0194952320464137,0.490444129819951,0.209427542449591,"LOW"
"Feni",91.4,23.02,2050,"SSP1-2.6",37.75,0.7,2235.13,4479.25,1.8,0.172173274596182,0.10903332830644,0.0752264609036816,0.443578661216193,0.194436999923736,"LOW"
"Chittagong",91.8,22.36,2050,"SSP1-2.6",34.5,0.8,2441.17,4036.45,1.5,0.148311306901615,0.144472930176444,0.307250352472714,0.343351520439841,0.218339483378446,"MODERATE"
"Cox's Bazar",91.98,21.44,2050,"SSP1-2.6",31,0.63,2707.81,2569.675,2.1,0.122613803230543,0.0850173427838939,0.607516565091463,0.0113491166181715,0.189822126190923,"LOW"
"Satkhira",89.07,22.71,2060,"SSP1-2.6",85.25,0.69,2396.082,5681.115,3.2,0.520925110132159,0.141004373397678,0.256476263834272,0.715619068960483,0.43098998529135,"SEVERE"
"Khulna",89.55,22.82,2060,"SSP1-2.6",73.7,0.81,2469.09,3446.55,2.8,0.436123348017621,0.18850852058513,0.338691369035554,0.209828507016239,0.321855018534433,"HIGH"
"Bagerhat",89.79,22.65,2060,"SSP1-2.6",72.3,0.69,2408.25,4362.525,3,0.425844346549192,0.135801538229528,0.270178781367819,0.417158125969762,0.334965427733099,"HIGH"
"Pirojpur",89.98,22.58,2060,"SSP1-2.6",68.1,0.79,2472.132,3390.66,2.5,0.395007342143906,0.169921580455437,0.34211699841894,0.197177886198736,0.299846229872185,"MODERATE"
"Barguna",90.11,22.16,2060,"SSP1-2.6",66.35,0.74,2469.09,4138.965,3.6,0.38215859030837,0.177047202533555,0.338691369035554,0.36655564269975,0.32932227897712,"HIGH"
"Patuakhali",90.35,22.35,2060,"SSP1-2.6",63.9,0.79,2455.908,5744.25,3.4,0.36417033773862,0.196727492082642,0.323846975040878,0.729909585069144,0.395764945533981,"HIGH"
"Bhola",90.78,22.19,2060,"SSP1-2.6",61.8,0.72,2630.316,3982.68,3.1,0.348751835535977,0.153219725531594,0.52024972635505,0.331180758561917,0.340430776304103,"HIGH"
"Lakshmipur",90.85,22.94,2060,"SSP1-2.6",56.2,0.62,2421.432,4801.365,2.2,0.307635829662261,0.0827929422409893,0.285023175362495,0.516488926462749,0.299915340678151,"MODERATE"
"Noakhali",91.1,22.87,2060,"SSP1-2.6",53.75,0.82,2194.296,4732.02,2,0.289647577092511,0.168602020811341,0.0292428480696205,0.50079278581881,0.255586561776959,"MODERATE"
"Feni",91.4,23.02,2060,"SSP1-2.6",48.85,0.76,2243.982,4522.95,1.8,0.25367107195301,0.135726134821294,0.0851947946649369,0.453470093131114,0.236346633304673,"MODERATE"
"Chittagong",91.8,22.36,2060,"SSP1-2.6",44.3,0.86,2450.838,4075.83,1.5,0.220264317180617,0.170487106017192,0.318137592735234,0.352265126591089,0.25628369194095,"MODERATE"
"Cox's Bazar",91.98,21.44,2060,"SSP1-2.6",39.4,0.69,2718.534,2594.745,2.1,0.184287812041116,0.112388779972855,0.619592978473264,0.0170236749272572,0.223516211491122,"MODERATE"
"Satkhira",89.07,22.71,2075,"SSP1-2.6",117.5,0.78,2410.26,5763.45,3.2,0.757709251101322,0.185793997888705,0.272442264293726,0.734255477352129,0.541582048347441,"SEVERE"
"Khulna",89.55,22.82,2075,"SSP1-2.6",101,0.9,2483.7,3496.5,2.8,0.636563876651982,0.231940883727945,0.35514384940744,0.221134617408694,0.416269420769609,"HIGH"
"Bagerhat",89.79,22.65,2075,"SSP1-2.6",99,0.78,2422.5,4425.75,3,0.621879588839941,0.179912532046449,0.286225861812678,0.431469013448499,0.428273316997502,"SEVERE"
"Pirojpur",89.98,22.58,2075,"SSP1-2.6",93,0.88,2486.76,3439.8,2.5,0.577826725403818,0.212335997587091,0.358589748787179,0.208300654260502,0.386975970288482,"HIGH"
"Barguna",90.11,22.16,2075,"SSP1-2.6",90.5,0.83,2483.7,4198.95,3.6,0.559471365638767,0.223194088372795,0.35514384940744,0.380133160855733,0.4154827659827,"HIGH"
"Patuakhali",90.35,22.35,2075,"SSP1-2.6",87,0.88,2470.44,5827.5,3.4,0.533773861967695,0.242195747247776,0.340211618761909,0.748753102389901,0.479741638466995,"SEVERE"
"Bhola",90.78,22.19,2075,"SSP1-2.6",84,0.81,2645.88,4040.4,3.1,0.511747430249633,0.197670034685568,0.53777651653356,0.344245597237642,0.420637401791207,"HIGH"
"Lakshmipur",90.85,22.94,2075,"SSP1-2.6",76,0.71,2435.76,4870.95,2.2,0.453010279001469,0.124189413361484,0.30115809245821,0.532239390760226,0.372721490916571,"HIGH"
"Noakhali",91.1,22.87,2075,"SSP1-2.6",72.5,0.91,2207.28,4800.6,2,0.427312775330397,0.209319861257729,0.0438642721044313,0.516315769817099,0.32482509076801,"HIGH"
"Feni",91.4,23.02,2075,"SSP1-2.6",65.5,0.85,2257.26,4588.5,1.8,0.375917767988253,0.175765344593576,0.10014729530682,0.468307241003494,0.299211083376079,"MODERATE"
"Chittagong",91.8,22.36,2075,"SSP1-2.6",59,0.95,2465.34,4134.9,1.5,0.328193832599119,0.209508369778314,0.334468453129012,0.365635535817962,0.313200004784705,"HIGH"
"Cox's Bazar",91.98,21.44,2075,"SSP1-2.6",52,0.78,2734.62,2632.35,2.1,0.276798825256975,0.153445935756296,0.637707598545965,0.0255355123908859,0.27405733944142,"MODERATE"
"Satkhira",89.07,22.71,2030,"SSP2-4.5",22.15,0.56,2377.178,5554.868,3.2,0.0576358296622614,0.0763082491328609,0.235188263221668,0.687043242759959,0.222762282887802,"MODERATE"
"Khulna",89.55,22.82,2030,"SSP2-4.5",20.5,0.68,2449.61,3369.96,2.8,0.0455212922173275,0.125772884934399,0.316754728539705,0.192492471081143,0.14521253379798,"LOW"
"Bagerhat",89.79,22.65,2030,"SSP2-4.5",20.3,0.56,2389.25,4265.58,3,0.0440528634361234,0.0720856582717539,0.248782674108008,0.395214765169031,0.160837764884208,"LOW"
"Pirojpur",89.98,22.58,2030,"SSP2-4.5",19.7,0.66,2452.628,3315.312,2.5,0.039647577092511,0.108656311265269,0.320153331261289,0.180122975170695,0.137645554376455,"LOW"
"Barguna",90.11,22.16,2030,"SSP2-4.5",19.45,0.61,2449.61,4046.988,3.6,0.0378120411160059,0.110390589654652,0.316754728539705,0.345736781527242,0.169701236390722,"LOW"
"Patuakhali",90.35,22.35,2030,"SSP2-4.5",19.1,0.66,2436.532,5616.6,3.4,0.0352422907488987,0.131051123510783,0.302027450079504,0.701016191843983,0.240915869386413,"MODERATE"
"Bhola",90.78,22.19,2030,"SSP2-4.5",18.8,0.59,2609.564,3894.176,3.1,0.0330396475770925,0.0890137234202987,0.496880672783701,0.311148005925805,0.192624339456798,"LOW"
"Lakshmipur",90.85,22.94,2030,"SSP2-4.5",18,0.49,2402.328,4694.668,2.2,0.0271659324522761,0.0229980395113859,0.263509952568208,0.492338214539952,0.16663561430482,"LOW"
"Noakhali",91.1,22.87,2030,"SSP2-4.5",17.65,0.69,2176.984,4626.864,2,0.0245961820851689,0.10978736238878,0.00974761602320683,0.476990877021434,0.129143643920752,"LOW"
"Feni",91.4,23.02,2030,"SSP2-4.5",16.95,0.63,2226.278,4422.44,1.8,0.0194566813509545,0.0778917207057759,0.0652581271424258,0.430719799726797,0.122556602055382,"LOW"
"Chittagong",91.8,22.36,2030,"SSP2-4.5",16.3,0.73,2431.502,3985.256,1.5,0.0146842878120411,0.114123058362238,0.296363112210195,0.331763832443218,0.154323715727947,"LOW"
"Cox's Bazar",91.98,21.44,2030,"SSP2-4.5",15.6,0.56,2697.086,2537.084,2.1,0.00954478707782673,0.0530839993967728,0.595440151709662,0.00397219081636002,0.13431718321569,"LOW"
"Satkhira",89.07,22.71,2040,"SSP2-4.5",46.2,0.72,2405.534,5686.604,3.2,0.234214390602056,0.15593424822802,0.267120264140575,0.716861496186593,0.32166895795186,"HIGH"
"Khulna",89.55,22.82,2040,"SSP2-4.5",41.25,0.84,2478.83,3449.88,2.8,0.197870778267254,0.202985974966068,0.349659689283478,0.21058224770907,0.231793893698625,"MODERATE"
"Bagerhat",89.79,22.65,2040,"SSP2-4.5",40.65,0.72,2417.75,4366.74,3,0.193465491923642,0.150505202835168,0.280876834997725,0.418112185135011,0.247285041363038,"MODERATE"
"Pirojpur",89.98,22.58,2040,"SSP2-4.5",38.85,0.82,2481.884,3393.936,2.5,0.180249632892805,0.184059719499321,0.353098831997766,0.197919404069521,0.219115444270443,"MODERATE"
"Barguna",90.11,22.16,2040,"SSP2-4.5",38.1,0.77,2478.83,4142.964,3.6,0.174743024963289,0.192429497813301,0.349659689283478,0.367460810576815,0.251807209520035,"MODERATE"
"Patuakhali",90.35,22.35,2040,"SSP2-4.5",37.05,0.82,2465.596,5749.8,3.4,0.167033773861968,0.211883577137687,0.334756737521565,0.731165819557194,0.322374736388076,"HIGH"
"Bhola",90.78,22.19,2040,"SSP2-4.5",36.15,0.75,2640.692,3986.528,3.1,0.160425844346549,0.168036495249585,0.531934253140723,0.332051747806966,0.270574836978074,"MODERATE"
"Lakshmipur",90.85,22.94,2040,"SSP2-4.5",33.75,0.65,2430.984,4806.004,2.2,0.1428046989721,0.0965917659478208,0.295779786759638,0.517538957415914,0.239103981613515,"MODERATE"
"Noakhali",91.1,22.87,2040,"SSP2-4.5",32.7,0.85,2202.952,4736.592,2,0.135095447870778,0.18217463429347,0.0389904640928279,0.501827651418696,0.19863672910931,"LOW"
"Feni",91.4,23.02,2040,"SSP2-4.5",30.6,0.79,2252.834,4527.32,1.8,0.119676945668135,0.149072538078721,0.0951631284261923,0.454459236322605,0.187609758832758,"LOW"
"Chittagong",91.8,22.36,2040,"SSP2-4.5",28.65,0.89,2460.506,4079.768,1.5,0.105359765051395,0.183494193937566,0.329024832997752,0.353156487206214,0.215279008848864,"MODERATE"
"Cox's Bazar",91.98,21.44,2040,"SSP2-4.5",26.55,0.72,2729.258,2597.252,2.1,0.0899412628487518,0.126074498567335,0.631669391855065,0.0175911307581658,0.191043509375614,"LOW"
"Satkhira",89.07,22.71,2050,"SSP2-4.5",70.25,0.88,2433.89,5818.34,3.2,0.41079295154185,0.235560247323179,0.299052265059481,0.746679749613227,0.420575633015917,"HIGH"
"Khulna",89.55,22.82,2050,"SSP2-4.5",62,1,2508.05,3529.8,2.8,0.350220264317181,0.280199064997738,0.382564650027252,0.228672024336997,0.31837525359927,"HIGH"
"Bagerhat",89.79,22.65,2050,"SSP2-4.5",61,0.88,2446.25,4467.9,3,0.34287812041116,0.228924747398583,0.312970995887443,0.441009605100991,0.333732317841867,"HIGH"
"Pirojpur",89.98,22.58,2050,"SSP2-4.5",58,0.98,2511.14,3472.56,2.5,0.320851688693098,0.259463127733374,0.386044332734242,0.215715832968346,0.300585334164432,"MODERATE"
"Barguna",90.11,22.16,2050,"SSP2-4.5",56.75,0.93,2508.05,4238.94,3.6,0.311674008810573,0.27446840597195,0.382564650027252,0.389184839626389,0.333913182649347,"HIGH"
"Patuakhali",90.35,22.35,2050,"SSP2-4.5",55,0.98,2494.66,5883,3.4,0.298825256975037,0.292716030764591,0.367486024963626,0.761315447270406,0.403833603389739,"HIGH"
"Bhola",90.78,22.19,2050,"SSP2-4.5",53.5,0.91,2671.82,4078.88,3.1,0.287812041116006,0.247059267078872,0.566987833497746,0.352955489688126,0.348525334499351,"HIGH"
"Lakshmipur",90.85,22.94,2050,"SSP2-4.5",49.5,0.81,2459.64,4917.34,2.2,0.258443465491924,0.170185492384256,0.328049620951068,0.542739700291876,0.31157234892221,"MODERATE"
"Noakhali",91.1,22.87,2050,"SSP2-4.5",47.75,1.01,2228.92,4846.32,2,0.245594713656388,0.25456190619816,0.0682333121624484,0.526664425815958,0.268129814297868,"MODERATE"
"Feni",91.4,23.02,2050,"SSP2-4.5",44.25,0.95,2279.39,4632.2,1.8,0.219897209985316,0.220253355451666,0.125068129709959,0.478198672918414,0.252662915610134,"MODERATE"
"Chittagong",91.8,22.36,2050,"SSP2-4.5",41,1.05,2489.51,4174.28,1.5,0.196035242290749,0.252865329512894,0.361686553785309,0.37454914196921,0.276234301969782,"MODERATE"
"Cox's Bazar",91.98,21.44,2050,"SSP2-4.5",37.5,0.88,2761.43,2657.42,2.1,0.170337738619677,0.199064997737898,0.667898632000469,0.0312100706999716,0.247769835535538,"MODERATE"
"Satkhira",89.07,22.71,2060,"SSP2-4.5",94.35,1.04,2462.246,5950.076,3.2,0.587738619676946,0.315186246418338,0.330984265978388,0.776498003039861,0.519629150958096,"SEVERE"
"Khulna",89.55,22.82,2060,"SSP2-4.5",82.8,1.16,2537.27,3609.72,2.8,0.502936857562408,0.357412155029407,0.415469610771026,0.246761800964924,0.405103456378035,"HIGH"
"Bagerhat",89.79,22.65,2060,"SSP2-4.5",81.4,1.04,2474.75,4569.06,3,0.49265785609398,0.307344291961997,0.345065156777161,0.463907025066971,0.420326437198818,"HIGH"
"Pirojpur",89.98,22.58,2060,"SSP2-4.5",77.2,1.14,2540.396,3551.184,2.5,0.461820851688693,0.334866535967426,0.418989833470719,0.233512261867172,0.382202066936541,"HIGH"
"Barguna",90.11,22.16,2060,"SSP2-4.5",75.45,1.09,2537.27,4334.916,3.6,0.448972099853157,0.356507314130599,0.415469610771026,0.410908868675963,0.41616599865678,"HIGH"
"Patuakhali",90.35,22.35,2060,"SSP2-4.5",73,1.14,2523.724,6016.2,3.4,0.430983847283407,0.373548484391494,0.400215312405688,0.791465074983618,0.485439313269523,"SEVERE"
"Bhola",90.78,22.19,2060,"SSP2-4.5",70.9,1.07,2702.948,4171.232,3.1,0.415565345080764,0.326082038908159,0.602041413854768,0.373859231569286,0.426622674898748,"HIGH"
"Lakshmipur",90.85,22.94,2060,"SSP2-4.5",65.3,0.97,2488.296,5028.676,2.2,0.374449339207049,0.243779218820691,0.360319455142498,0.567940443167839,0.384187559109025,"HIGH"
"Noakhali",91.1,22.87,2060,"SSP2-4.5",62.85,1.17,2254.888,4956.048,2,0.356461086637298,0.32694917810285,0.0974761602320689,0.55150120021322,0.337769742364547,"HIGH"
"Feni",91.4,23.02,2060,"SSP2-4.5",57.95,1.11,2305.946,4737.08,1.8,0.320484581497797,0.291434172824612,0.154973130993725,0.501938109514222,0.317862915265631,"HIGH"
"Chittagong",91.8,22.36,2060,"SSP2-4.5",53.4,1.21,2518.514,4268.792,1.5,0.287077826725404,0.322236465088222,0.394348274572866,0.395941796732206,0.33733643796882,"HIGH"
"Cox's Bazar",91.98,21.44,2060,"SSP2-4.5",48.5,1.04,2793.602,2717.588,2.1,0.251101321585903,0.27205549690846,0.704127872145872,0.0448290106417775,0.304643004573583,"MODERATE"
"Satkhira",89.07,22.71,2075,"SSP2-4.5",130.5,1.28,2504.78,6147.68,3.2,0.853157121879589,0.434625245061077,0.378882267356748,0.821225383179813,0.668209427871363,"SEVERE"
"Khulna",89.55,22.82,2075,"SSP2-4.5",114,1.4,2581.1,3729.6,2.8,0.73201174743025,0.473231790076912,0.464827051886686,0.273896465906815,0.535195760546182,"SEVERE"
"Bagerhat",89.79,22.65,2075,"SSP2-4.5",112,1.28,2517.5,4720.8,3,0.717327459618209,0.424973608807118,0.393206398111737,0.498253155015941,0.550217616234243,"SEVERE"
"Pirojpur",89.98,22.58,2075,"SSP2-4.5",106,1.38,2584.28,3669.12,2.5,0.673274596182085,0.447971648318504,0.468408084575434,0.26020690521541,0.504627166094704,"SEVERE"
"Barguna",90.11,22.16,2075,"SSP2-4.5",103.5,1.33,2581.1,4478.88,3.6,0.654919236417034,0.479565676368572,0.464827051886686,0.443494912250323,0.53954522266793,"SEVERE"
"Patuakhali",90.35,22.35,2075,"SSP2-4.5",100,1.38,2567.32,6216,3.4,0.629221732745962,0.49479716483185,0.449309243568781,0.836689516553436,0.607847878089198,"SEVERE"
"Bhola",90.78,22.19,2075,"SSP2-4.5",97,1.31,2749.64,4309.76,3.1,0.6071953010279,0.444616196652089,0.654621784390301,0.405214844391026,0.543768685497843,"SEVERE"
"Lakshmipur",90.85,22.94,2075,"SSP2-4.5",89,1.21,2531.28,5195.68,2.2,0.548458149779736,0.354169808475343,0.408724206429643,0.605741557481782,0.493110374389248,"SEVERE"
"Noakhali",91.1,22.87,2075,"SSP2-4.5",85.5,1.41,2293.84,5120.64,2,0.522760646108664,0.435530085959886,0.1413404323365,0.588756361809114,0.442229634464565,"SEVERE"
"Feni",91.4,23.02,2075,"SSP2-4.5",78.5,1.35,2345.78,4894.4,1.8,0.47136563876652,0.39820539888403,0.199830632919375,0.537547264407935,0.415662914748876,"HIGH"
"Chittagong",91.8,22.36,2075,"SSP2-4.5",72,1.45,2562.02,4410.56,1.5,0.423641703377386,0.426293168451214,0.443340855754201,0.4280307788767,0.428989641967378,"SEVERE"
"Cox's Bazar",91.98,21.44,2075,"SSP2-4.5",65,1.28,2841.86,2807.84,2.1,0.372246696035242,0.381541245664304,0.758471732363977,0.0652574205544861,0.389952758130651,"HIGH"
"Satkhira",89.07,22.71,2030,"SSP5-8.5",24.15,0.66,2396.082,5626.225,3.2,0.0723201174743025,0.126074498567335,0.256476263834272,0.703194796699385,0.24607715880992,"MODERATE"
"Khulna",89.55,22.82,2030,"SSP5-8.5",22.5,0.78,2469.09,3413.25,2.8,0.0602055800293686,0.174031066204193,0.338691369035554,0.202291100087936,0.167084939077284,"LOW"
"Bagerhat",89.79,22.65,2030,"SSP5-8.5",22.3,0.66,2408.25,4320.375,3,0.0587371512481645,0.121097873623888,0.270178781367819,0.407617534317271,0.183273698361061,"LOW"
"Pirojpur",89.98,22.58,2030,"SSP5-8.5",21.7,0.76,2472.132,3357.9,2.5,0.0543318649045521,0.155783441411552,0.34211699841894,0.189762707490892,0.159265375426098,"LOW"
"Barguna",90.11,22.16,2030,"SSP5-8.5",21.45,0.71,2469.09,4098.975,3.6,0.052496328928047,0.161664907253808,0.338691369035554,0.357503963929094,0.19257057961491,"LOW"
"Patuakhali",90.35,22.35,2030,"SSP5-8.5",21.1,0.76,2455.908,5688.75,3.4,0.0499265785609398,0.181571407027598,0.323846975040878,0.717347240188639,0.264523755875799,"MODERATE"
"Bhola",90.78,22.19,2030,"SSP5-8.5",20.8,0.69,2630.316,3944.2,3.1,0.0477239353891336,0.138402955813603,0.52024972635505,0.322470866111434,0.215314283811671,"MODERATE"
"Lakshmipur",90.85,22.94,2030,"SSP5-8.5",20,0.59,2421.432,4754.975,2.2,0.0418502202643172,0.0689941185341578,0.285023175362495,0.505988616931098,0.188741270271277,"LOW"
"Noakhali",91.1,22.87,2030,"SSP5-8.5",19.65,0.79,2194.296,4686.3,2,0.03928046989721,0.155029407329211,0.0292428480696205,0.490444129819951,0.150655465002641,"LOW"
"Feni",91.4,23.02,2030,"SSP5-8.5",18.95,0.73,2243.982,4479.25,1.8,0.0341409691629956,0.122379731563867,0.0851947946649369,0.443578661216193,0.143887025154198,"LOW"
"Chittagong",91.8,22.36,2030,"SSP5-8.5",18.3,0.83,2450.838,4036.45,1.5,0.0293685756240822,0.157480018096818,0.318137592735234,0.343351520439841,0.175541256504011,"LOW"
"Cox's Bazar",91.98,21.44,2030,"SSP5-8.5",17.6,0.66,2718.534,2569.675,2.1,0.0242290748898678,0.0987030613783743,0.619592978473264,0.0113491166181715,0.155620661249909,"LOW"
"Satkhira",89.07,22.71,2040,"SSP5-8.5",52.2,1.02,2462.246,5900.675,3.2,0.278267254038179,0.305232996531443,0.330984265978388,0.765316158004873,0.391613585718213,"HIGH"
"Khulna",89.55,22.82,2040,"SSP5-8.5",47.25,1.14,2537.27,3579.75,2.8,0.241923641703377,0.347760518775449,0.415469610771026,0.239978134729451,0.297411109536536,"MODERATE"
"Bagerhat",89.79,22.65,2040,"SSP5-8.5",46.65,1.02,2474.75,4531.125,3,0.237518355359765,0.29754184889157,0.345065156777161,0.455320492579728,0.314592841793598,"HIGH"
"Pirojpur",89.98,22.58,2040,"SSP5-8.5",44.85,1.12,2540.396,3521.7,2.5,0.224302496328928,0.325441109938169,0.418989833470719,0.226838601030112,0.283974907419371,"MODERATE"
"Barguna",90.11,22.16,2040,"SSP5-8.5",44.1,1.07,2537.27,4298.925,3.6,0.218795888399413,0.346252450610768,0.415469610771026,0.402762357782373,0.320415239192598,"HIGH"
"Patuakhali",90.35,22.35,2040,"SSP5-8.5",43.05,1.12,2523.724,5966.25,3.4,0.211086637298091,0.363444427688132,0.400215312405688,0.780158964591164,0.393198395856233,"HIGH"
"Bhola",90.78,22.19,2040,"SSP5-8.5",42.15,1.05,2702.948,4136.6,3.1,0.204478707782673,0.316204192429498,0.602041413854768,0.366020328363851,0.338644670042692,"HIGH"
"Lakshmipur",90.85,22.94,2040,"SSP5-8.5",39.75,0.95,2488.296,4986.925,2.2,0.186857562408223,0.234580003016136,0.360319455142498,0.558490164589353,0.305420949512887,"MODERATE"
"Noakhali",91.1,22.87,2040,"SSP5-8.5",38.7,1.15,2254.888,4914.9,2,0.179148311306902,0.317900769114764,0.0974761602320689,0.542187409814247,0.263172192354977,"MODERATE"
"Feni",91.4,23.02,2040,"SSP5-8.5",36.6,1.09,2305.946,4697.75,1.8,0.163729809104258,0.282536570652994,0.154973130993725,0.493035820790794,0.251601028129206,"MODERATE"
"Chittagong",91.8,22.36,2040,"SSP5-8.5",34.65,1.19,2518.514,4233.35,1.5,0.149412628487518,0.313565073141306,0.394348274572866,0.387919551196082,0.278931631177058,"MODERATE"
"Cox's Bazar",91.98,21.44,2040,"SSP5-8.5",32.55,1.02,2793.602,2695.025,2.1,0.133994126284875,0.26293168451214,0.704127872145872,0.0397219081636003,0.254953943478273,"MODERATE"
"Satkhira",89.07,22.71,2050,"SSP5-8.5",80.25,1.38,2528.41,6175.125,3.2,0.484214390602056,0.484391494495551,0.405492268122503,0.827437519310361,0.537150012626506,"SEVERE"
"Khulna",89.55,22.82,2050,"SSP5-8.5",72,1.5,2605.45,3746.25,2.8,0.423641703377386,0.521489971346705,0.492247852506498,0.277665169370966,0.427737279995788,"HIGH"
"Bagerhat",89.79,22.65,2050,"SSP5-8.5",71,1.38,2541.25,4741.875,3,0.416299559471366,0.473985824159252,0.419951532186502,0.503023450842186,0.445911985226134,"SEVERE"
"Pirojpur",89.98,22.58,2050,"SSP5-8.5",68,1.48,2608.66,3685.5,2.5,0.394273127753304,0.495098778464787,0.495862668522498,0.263914494569332,0.408684439412645,"HIGH"
"Barguna",90.11,22.16,2050,"SSP5-8.5",66.75,1.43,2605.45,4498.875,3.6,0.385095447870778,0.530839993967728,0.492247852506498,0.448020751635651,0.448259898770287,"SEVERE"
"Patuakhali",90.35,22.35,2050,"SSP5-8.5",65,1.48,2591.54,6243.75,3.4,0.372246696035242,0.545317448348665,0.476583649770498,0.842970688993688,0.521873035836667,"SEVERE"
"Bhola",90.78,22.19,2050,"SSP5-8.5",63.5,1.41,2775.58,4329,3.1,0.361233480176211,0.494005429045393,0.683833101354486,0.409569790616268,0.461975056273714,"SEVERE"
"Lakshmipur",90.85,22.94,2050,"SSP5-8.5",59.5,1.31,2555.16,5218.875,2.2,0.331864904552129,0.400165887498115,0.435615734922501,0.610991712247607,0.422100628754496,"HIGH"
"Noakhali",91.1,22.87,2050,"SSP5-8.5",57.75,1.51,2315.48,5143.5,2,0.319016152716593,0.480772130900317,0.165709472394517,0.593930689808543,0.375688919707313,"HIGH"
"Feni",91.4,23.02,2050,"SSP5-8.5",54.25,1.45,2367.91,4916.25,1.8,0.293318649045521,0.44269340974212,0.224751467322514,0.542492980365395,0.359315031104214,"HIGH"
"Chittagong",91.8,22.36,2050,"SSP5-8.5",51,1.55,2586.19,4430.25,1.5,0.269456681350955,0.469650128185794,0.470558956410499,0.432487581952324,0.382322005850105,"HIGH"
"Cox's Bazar",91.98,21.44,2050,"SSP5-8.5",47.5,1.38,2868.67,2820.375,2.1,0.243759177679883,0.427160307645906,0.78866276581848,0.068094699709029,0.354287225706636,"HIGH"
"Satkhira",89.07,22.71,2060,"SSP5-8.5",108.35,1.74,2594.574,6449.575,3.2,0.690528634361233,0.663549992459659,0.480000270266618,0.889558880615849,0.682833282412919,"SEVERE"
"Khulna",89.55,22.82,2060,"SSP5-8.5",96.8,1.86,2673.63,3912.75,2.8,0.605726872246696,0.695219423917961,0.56902609424197,0.315352204012481,0.558210293333161,"SEVERE"
"Bagerhat",89.79,22.65,2060,"SSP5-8.5",95.4,1.74,2607.75,4952.625,3,0.595447870778267,0.650429799426934,0.494837907595843,0.550726409104644,0.577377971536791,"SEVERE"
"Pirojpur",89.98,22.58,2060,"SSP5-8.5",91.2,1.84,2676.924,3849.3,2.5,0.564610866372981,0.664756446991404,0.572735503574276,0.300990388108552,0.533540814284039,"SEVERE"
"Barguna",90.11,22.16,2060,"SSP5-8.5",89.45,1.79,2673.63,4698.825,3.6,0.551762114537445,0.715427537324687,0.56902609424197,0.49327914548893,0.576251401226095,"SEVERE"
"Patuakhali",90.35,22.35,2060,"SSP5-8.5",87,1.84,2659.356,6521.25,3.4,0.533773861967695,0.727190469009199,0.552951987135309,0.905782413396213,0.650694518695222,"SEVERE"
"Bhola",90.78,22.19,2060,"SSP5-8.5",84.9,1.77,2848.212,4521.4,3.1,0.518355359765052,0.671806665661288,0.765624788854205,0.453119252868685,0.585452285382856,"SEVERE"
"Lakshmipur",90.85,22.94,2060,"SSP5-8.5",79.3,1.67,2622.024,5450.825,2.2,0.477239353891336,0.565751771980094,0.510912014702504,0.663493259905862,0.538927150874226,"SEVERE"
"Noakhali",91.1,22.87,2060,"SSP5-8.5",76.85,1.87,2376.072,5372.1,2,0.459251101321586,0.64364349268587,0.233942784556966,0.645673969802839,0.488352489937769,"SEVERE"
"Feni",91.4,23.02,2060,"SSP5-8.5",71.95,1.81,2429.874,5134.75,1.8,0.423274596182085,0.602850248831247,0.294529803651302,0.591950139939995,0.467175876957343,"SEVERE"
"Chittagong",91.8,22.36,2060,"SSP5-8.5",67.4,1.91,2653.866,4627.15,1.5,0.389867841409692,0.625735183230282,0.546769638248132,0.477055612708566,0.485859223401273,"SEVERE"
"Cox's Bazar",91.98,21.44,2060,"SSP5-8.5",62.5,1.74,2943.738,2945.725,2.1,0.353891336270191,0.591388930779671,0.873197659491088,0.0964674912544577,0.45376735081312,"SEVERE"
"Satkhira",89.07,22.71,2075,"SSP5-8.5",150.5,2.28,2693.82,6861.25,3.2,1,0.932287739405821,0.591762273482791,0.982740922574081,0.901358187092539,"SEVERE"
"Khulna",89.55,22.82,2075,"SSP5-8.5",134,2.4,2775.9,4162.5,2.8,0.878854625550661,0.955813602774846,0.684193456845178,0.371882755974753,0.75391981333922,"SEVERE"
"Bagerhat",89.79,22.65,2075,"SSP5-8.5",132,2.28,2707.5,5268.75,3,0.86417033773862,0.915095762328458,0.607167470709856,0.622280846498331,0.774576951002777,"SEVERE"
"Pirojpur",89.98,22.58,2075,"SSP5-8.5",126,2.38,2779.32,4095,2.5,0.820117474302496,0.91924294978133,0.688044756151944,0.356604228417382,0.72082537659113,"SEVERE"
"Barguna",90.11,22.16,2075,"SSP5-8.5",123.5,2.33,2775.9,4998.75,3.6,0.801762114537445,0.992308852360127,0.684193456845178,0.561166736268848,0.768238654909809,"SEVERE"
"Patuakhali",90.35,22.35,2075,"SSP5-8.5",120,2.38,2761.08,6937.5,3.4,0.776064610866373,1,0.667504493182525,1,0.843926742983054,"SEVERE"
"Bhola",90.78,22.19,2075,"SSP5-8.5",117,2.31,2957.16,4810,3.1,0.754038179148311,0.938508520585131,0.888312320103783,0.518443446247311,0.770668129046569,"SEVERE"
"Lakshmipur",90.85,22.94,2075,"SSP5-8.5",109,2.21,2722.32,5798.75,2.2,0.695301027900147,0.814130598703061,0.623856434372509,0.742245581393243,0.714166934053821,"SEVERE"
"Noakhali",91.1,22.87,2075,"SSP5-8.5",105.5,2.41,2466.96,5715,2,0.669603524229075,0.887950535364199,0.336292752800638,0.723288889794283,0.657347845283454,"SEVERE"
"Feni",91.4,23.02,2075,"SSP5-8.5",98.5,2.35,2522.82,5462.5,1.8,0.618208516886931,0.843085507464938,0.399197308144485,0.666135879301896,0.628967145737036,"SEVERE"
"Chittagong",91.8,22.36,2075,"SSP5-8.5",92,2.45,2755.38,4922.5,1.5,0.570484581497797,0.859862765797014,0.661085661004581,0.543907658842929,0.641165049728024,"SEVERE"
"Cox's Bazar",91.98,21.44,2075,"SSP5-8.5",85,2.28,3056.34,3133.75,2.1,0.519089574155653,0.83773186548032,1,0.139026678572601,0.602987538472846,"SEVERE"
